{
  "cacheBootResources": true,
  "config": [
    "appsettings.json"
  ],
  "debugBuild": false,
  "entryAssembly": "BlazorWasmDemo",
  "linkerEnabled": true,
  "resources": {
    "assembly": {
      "BlazorWasmDemo.dll": "sha256-wrcYhqpVrN3\/zqP5oWQ2Zfzy+yan6RL674OHdbBR41E=",
      "Microsoft.AspNetCore.Components.dll": "sha256-Y874IoF0JeXYy88rOldWTyB3ilsV2JvTR7aMFY1xA\/o=",
      "Microsoft.AspNetCore.Components.Web.dll": "sha256-Hofruttr9Fs2izCXj5u1NcQtf7G3W1vKGuMRw+v9F\/U=",
      "Microsoft.AspNetCore.Components.WebAssembly.dll": "sha256-bDsRyCKLnUPih6k0\/ZdYQ2EGNjvJmBajqUEEaZL\/Xxg=",
      "Microsoft.Bcl.AsyncInterfaces.dll": "sha256-jzHgXWAvWMkKIGFjZoT84tbe72E+H7CvTr\/Dryh4QPs=",
      "Microsoft.Extensions.Configuration.Abstractions.dll": "sha256-W+l6Dxh21\/jUAk\/JjGATjMEpx\/8lNOC1VWpXEOxFscE=",
      "Microsoft.Extensions.Configuration.Binder.dll": "sha256-2tzpe40DmkqxTjTeMTh8GH7aKWauv4C6hVnYjDYeGss=",
      "Microsoft.Extensions.Configuration.dll": "sha256-Tp08W2WsiYuGyXw6p9JLOoJfZP4mSJNrwOaQCTDvJPc=",
      "Microsoft.Extensions.Configuration.Json.dll": "sha256-b9BYfY\/Z6vpJQ6ZmBe0+kCvuTSGn7cXCcLcmKiS5S2g=",
      "Microsoft.Extensions.DependencyInjection.Abstractions.dll": "sha256-JyaLS0hzg+rOeAmpR92nhh2DYjaQvtwL0M7z\/qqbXEA=",
      "Microsoft.Extensions.DependencyInjection.dll": "sha256-3O0uUKdDRTCXjcvIfsbiePMSxMoqKnJL3ThwGaAwNdg=",
      "Microsoft.Extensions.Logging.Abstractions.dll": "sha256-Oy\/yyFz4yOukQMeJPRfS8hZs106iJzKx0+Z5jtp9aag=",
      "Microsoft.Extensions.Logging.Configuration.dll": "sha256-T63V8fFVX0ifwx3Evy7oso8JTmGt2Gp5tVx+Mze6c3o=",
      "Microsoft.Extensions.Logging.dll": "sha256-Dw1xjiXuzJbmWOUEzzGY6vY0vKkPC3dW3LPLJlDTrps=",
      "Microsoft.Extensions.Options.ConfigurationExtensions.dll": "sha256-vPjxJoD9SUTt1Fkzj\/QYkx4v1l2q\/9eKjvIdqLuP5E8=",
      "Microsoft.Extensions.Options.dll": "sha256-FeyLlhDHbMbUcZ4YjykVXyiq+EklhIDaBfGCY0YVAqI=",
      "Microsoft.Extensions.Primitives.dll": "sha256-A8531AMc4mCe+gAryy+BioZCRJNAS0bG1NJ4hwLpg\/I=",
      "Microsoft.JSInterop.dll": "sha256-3cbvJEo8k8VJVQwyEZWWQ6yGRFQW8\/219DaOnmsX3e4=",
      "Microsoft.JSInterop.WebAssembly.dll": "sha256-zV\/OfJNfNsG404X30Pwkdymdh1KmZpTVEmG\/JNFVc\/k=",
      "mscorlib.dll": "sha256-xit0PoCMmecSaE1fv6OBNhTuNGrXxoX5LvkfagfeUag=",
      "System.Core.dll": "sha256-c6S7bngj\/8wnK6T2ScXqNkBGeW8QHzhsKF3ftvyMQ2M=",
      "System.dll": "sha256-Opvob9mFI8xiidlKwgt+IhfSGJd74+1eKYOxsVUbxeU=",
      "System.Net.Http.dll": "sha256-1vdfF6qlJfp2YqB14S7mT1R14Kj8FVbqmVp9P3ohOWY=",
      "System.Net.Http.Json.dll": "sha256-atcWDBii6\/JmCx5HQ69suLHmRKYv3VOZ2YbSj8EVwr8=",
      "System.Net.Http.WebAssemblyHttpHandler.dll": "sha256-u8LX\/FcLsdlcrKfpLe2OWbACJrFE95kYAotW38CqmKI=",
      "System.Runtime.CompilerServices.Unsafe.dll": "sha256-G9XMeAbIC8SjgZWkOWjJjchy1hEhsu2nyw+0LFAJRS4=",
      "System.Text.Encodings.Web.dll": "sha256-f8yrjPNjddf3mkWN2pJRdeASbD1lNe13SHoNI7u+LVE=",
      "System.Text.Json.dll": "sha256-hG2l4SB\/6i7RSS8nhRb8jmSEq4+hA70YbsjP\/RYBtWc=",
      "WebAssembly.Bindings.dll": "sha256-HodY6kf+c9PtgU4R1xgf53YKfMTFOaPTKu9yu77HStc="
    },
    "pdb": null,
    "runtime": {
      "dotnet.3.2.0.js": "sha256-mPoqx7XczFHBWk3gRNn0hc9ekG1OvkKY4XiKRY5Mj5U=",
      "dotnet.timezones.dat": "sha256-3S0qzYaBEKOBXarzVLNzNAFXlwJr6nI3lFlYUpQTPH8=",
      "dotnet.wasm": "sha256-UC\/3Rm1NkdNdlIrzYARo+dO\/HDlS5mhPxo0IQv7kma8="
    },
    "satelliteResources": null
  }
}